Delta T [ms], Weight
-100.000000, 0.500620
-60.000000, 0.506889
-40.000000, 0.522839
-30.000000, 0.541575
-20.000000, 0.575672
-10.000000, 0.637727
-1.000000, 0.737307
1.000000, 0.773247
10.000000, 0.263395
20.000000, 0.324145
30.000000, 0.369298
40.000000, 0.402858
60.000000, 0.446338
100.000000, 0.483624
