Delta T [ms], Weight
-100.000000, 1.000000
-60.000000, 0.500000
-40.000000, 0.500000
-30.000000, 0.500000
-20.000000, 0.500000
-10.000000, 0.500000
-1.000000, 0.500000
1.000000, 0.500000
10.000000, 0.263395
20.000000, 0.324145
30.000000, 0.369298
40.000000, 0.402858
60.000000, 0.446338
100.000000, 0.483624
